Year,GDP ( Billions of US $),Per Capita (US $),Annual % Change
2012,8532.185382,6300.5822,7.8637
2013,9570.471112,7020.3861,7.7662
2014,10475.62494,7636.0743,7.4258
2015,11061.57262,8016.4456,7.0413
2016,11233.31373,8094.3902,6.8488
2017,12310.49133,8817.0456,6.9472
2018,13894.90786,9905.4064,6.7498
2019,14279.96851,10143.8602,5.9505
2020,14687.74416,10408.7196,2.2386
2021,17820.45951,12617.5051,8.4485
2022,17963.17148,12720.2163,2.9891
